voltage,current_1,current_2,current_3,current_4,current_5,current_6,current_7,current_8,current_9,current_10,current_11,current_12,current_13,current_14,current_15
0.597992,13.61948814602157,13.219323559576,13.152899488769787,13.091035284322937,13.424999879524433,13.163574308982467,13.557166710465465,13.4288407383996,13.377649886153206,13.512780861760193,13.420496792546846,13.474163374058563,12.822776364237896,13.202616539330094,13.265221219323848
0.600433,13.501375026506665,13.58881234110724,13.336944161325672,13.965393863611038,13.586675518371518,13.461942946741349,13.486075944408014,13.55698388886161,14.090140027017144,13.814739290206404,13.369877161519367,13.539382058415061,13.562690316175363,13.327840088662294,13.407169401282179
0.602875,13.69084013120988,13.740731935120202,13.74616648126228,13.441433802284724,13.87036739998422,13.972315169191807,13.832084785286753,13.572743926809002,13.759948751178253,14.39800410383524,13.601593396549955,13.856050449193146,13.353035157597292,13.627079794592259,13.856354449256681
0.605316,13.937393204536072,13.711030383282269,13.756888303245814,13.862199346601825,14.012275572403091,13.542566405278604,13.834134940858481,13.82362722477566,14.05729675093268,13.70112892888116,13.688695265346324,13.71550357874642,13.640227018868545,13.67276680971718,13.788771788716327
0.607758,13.671868665085071,13.906537214878673,13.928634846664824,13.752850724058355,13.600140324785503,14.185170365780241,14.100863949363854,13.84213925742942,14.066838433174148,13.9478290027786,13.796840051914073,14.11303271569214,13.835396388461945,13.99622488930329,14.255245812656872
0.610199,14.071254212799369,13.988295565641403,14.10108258858857,13.94413977970604,13.650295629875222,14.083001981744463,13.979809475253758,14.239893449066914,14.237397754581426,14.399734400335818,14.018956427513139,13.889030577526873,13.831116841697254,13.913283533636353,14.058002317873967
0.61264,14.49373141752498,13.873388574505217,13.861834815028663,13.7841980280959,14.582711993854046,14.07543663085335,14.143214746726548,14.44349442145136,14.140518702190269,14.05468103708922,13.86546815252294,13.9471969913038,14.069767462133356,14.519496744941803,14.596924934605024
0.615082,14.603129756628244,14.12688229606954,14.537520870627443,14.17327343020477,14.275960360770876,14.366462042474968,14.447767818228913,14.5065398313806,14.465003665130066,14.620307952462127,14.266964086943466,14.20598384684546,14.078988911182018,14.372112141346761,14.416055516302125
0.617523,14.715098651556778,14.365445760951745,14.550467489744047,14.141329222744657,14.889566894436577,14.533365794479547,14.387468511470438,14.704276460465143,14.415878208966191,14.408046454362333,14.400275555258952,14.526370921953063,14.709409001541214,14.733835732661099,14.777157407089422
0.619965,14.560992200132489,14.371439465613719,14.17983328059698,15.045936422407527,14.78099836556722,14.584282279529253,14.728492288139053,14.705603310804573,14.741675529280492,14.642904554718735,14.533078864878592,14.639816510063584,14.179436554970117,14.683732813547081,14.428768440906968
0.622406,14.387732937266971,14.806438283138437,14.988180526959477,14.980856654776295,15.045716097821765,14.731000100208773,14.664043802755563,14.847420242741357,14.799175252602295,14.666524799226448,14.393378102092777,14.560194140767232,14.875679214967416,14.62026563753701,14.879942663038873
0.624847,14.969610955322661,14.966049614193901,14.854892608491845,15.276912146856539,15.300329895761275,15.140510322404383,14.70774886618664,15.553775864095845,15.5635896883845,15.275965421498151,15.11419407855826,15.11933681153724,14.752557065310802,14.95407756234941,14.954239921171963
0.627289,14.846930344095599,14.799571197324918,15.083056817881875,15.233653207077394,14.850602110913504,15.316708176168595,15.11146006385756,15.273101817546955,15.638395291212005,15.46437031649505,14.80540410964082,15.138011483539072,14.830007230991477,15.12956277805718,14.878259739811407
0.62973,15.04980683589864,15.147272891918737,15.165043812801978,15.276083752661416,15.517108648969534,15.012166488047265,14.814840006697022,15.419564883336072,15.228106874763197,15.470753381454246,15.07660188661768,14.855643029320667,15.562776999723873,15.26575502152486,15.205235318630814
0.632172,15.716459305606023,15.388665917657319,15.133842857432823,15.424601913524711,15.408227247849897,15.146812188062427,15.458319808813588,15.788796942297132,15.46658663427352,15.50809683648972,15.104734675178939,15.452187450365301,15.442832360297814,15.374054452985094,15.912075552462799
0.634613,15.495822894716627,15.652608335683622,15.54886176416754,15.797547859893207,15.80652257272848,15.486552156250612,15.305049553494912,15.780324394055803,15.566740363333048,15.561627034027078,15.550470536762806,15.31740946146466,15.278364175713788,15.880890358432564,15.6324503123442
0.637054,15.528819814440883,15.625227410000727,15.452273234331775,15.440708853546235,15.503181693723734,15.76509052576432,15.551887671376322,15.703612060615423,16.22824194035538,16.15164410710427,15.483885555729099,15.551830077893445,15.747596024423371,15.668872266282088,15.663870511439846
0.639496,15.834869494901591,15.757334382379417,15.532768539972205,15.749197101863874,15.702674012556566,16.056081502263755,16.010859582610944,15.920249963689885,15.82661383886737,16.209499816690467,15.86046420201402,16.1516419659231,16.05738522846885,16.27028623787749,15.938700451392332
0.641937,15.768685877115821,15.730964665234158,15.447812447998796,16.23452863974562,16.31078656995294,15.330635998419812,15.760923333181493,16.45473600547803,16.504270908196872,16.229123931363787,15.965180295261135,15.781781178341948,15.84699605443708,16.167259932299697,16.12819752076527
0.644379,16.063181238795778,15.92757473925082,16.053848394543614,16.246086872925197,15.977291129290137,15.89196130541302,16.299683458969174,16.12113797950298,16.197809781357538,16.151074122383196,15.942125747717204,16.424677825259856,16.078661454280226,16.567619608916303,16.175906866517437
0.64682,16.018635088923105,16.040787696623426,16.284551216073858,16.392574382350432,16.33872273452986,16.129885598418515,16.357540441026416,16.741005284556216,16.460659203986477,16.309733872654373,16.274435927873046,16.162044712777877,16.19589784190221,16.36525824778055,16.5643141993807
0.649261,16.53382093379409,16.591620023702706,16.481810341064175,16.76224359994131,16.498806349134135,16.246276075428515,16.792735797889744,16.694384946458083,16.583817726487062,16.612640397774438,16.005467913777988,16.241858889479268,16.33647071307018,16.430205206452783,16.688899452343023
0.651703,16.553327154765967,16.476526108848297,16.60673591042089,16.718391231433344,16.92044393136001,16.6674866131636,16.27387527143477,16.495502988672637,16.752859394879938,16.823156535922827,16.12767050869502,16.64746248864038,16.8507641541022,16.624208138225757,16.694324924328765
0.654144,16.437827276756018,16.438599567409778,16.430221511831235,16.65386937017861,16.57213426466224,16.636650733189434,16.72256287205656,16.760655638384964,17.077429833621654,17.145170723241986,17.065004238489877,16.71358360136527,16.76798426627976,16.81510396664408,16.895994354979102
0.656586,17.223944688863483,16.554321424681714,16.42658658250124,16.599247199223694,17.093517404311903,16.882772647894303,17.14480441625427,17.179242524792905,17.21708756670004,17.17406607206516,16.819365282611184,16.869268739386538,16.43104880097673,16.975810466599935,17.184625163578787
0.659027,16.98609264360274,16.978305701077335,17.085632584760287,17.351250588719545,17.161553729517085,16.93727886691642,17.13739550243112,16.983574627137173,16.916863954053785,17.326666604118518,17.22595789203199,17.027157955227306,17.333008898890263,17.428567567843317,17.138469167263416
0.661469,17.27002928168419,17.120992365240564,17.087181150472798,17.185647670017424,16.68678272228608,17.035206993963225,16.840705065876246,17.266084068392097,17.51199292353643,17.477003080924323,17.297486782551033,17.120644372827424,17.058100750950086,17.410923695598992,17.615428977861473
0.66391,17.14103856838368,17.114222002202638,17.346522802911547,17.63468099591713,17.460705106138143,17.51653166868382,17.376121432859826,17.492150617882935,17.061330488140236,17.460469929502793,17.243056798881927,17.43036458785926,17.24361013923912,17.27109420268364,17.56664905530726
0.666351,17.466103650243728,17.26525804421302,17.09493856342892,17.62340446347777,17.550885906442694,17.416100531829287,17.10686875213439,17.47852174524859,17.792260346696025,17.53761600947907,17.423099825759,17.24539633423846,16.91104572477725,17.46759933411851,17.89545273742169
0.668793,17.618411267654903,17.371366741903646,17.63139885905667,17.743652253835855,17.706247592084264,17.69930098684309,17.56655592322903,17.77591071860276,17.29093837874429,17.583972452438243,17.77431479738289,17.567306005897766,17.244770232568666,17.865782874252027,17.86603251298275
0.671234,17.576880485190458,18.053378491951666,17.898001275967395,18.084420024594795,17.61857587728236,17.921406976111637,18.200785758640475,17.84821601926807,17.428473889935717,17.986492521507657,17.561277713178207,17.93451405276226,17.41451465691206,18.022977017185998,17.7488248128456
0.673676,17.77028270835295,18.102815175255266,17.523413157925226,18.06302117606523,18.29698330373692,17.524803486582325,17.600437348745473,18.05859235515727,18.092608635968347,17.93670549661427,17.787690731599827,17.871236525821192,17.945246750191924,17.960233301577542,18.23834559708648
0.676117,17.830259149094374,17.682575346860716,18.009973098262275,18.19888065555425,18.260009604497473,17.93345933059547,18.22519964804744,18.009577463701465,18.120134967139435,18.17214816351708,17.762093330727872,17.678819084043354,17.884029916876088,18.030582726670254,18.48552155643322
0.678558,18.18409138844515,18.2168994675445,18.114840450859365,17.950921371623465,18.442071313674685,17.918415520853912,18.095028909535195,17.98469143700827,18.205969087922462,18.452259546016595,18.14833896149942,17.954684461981333,18.230205200064876,18.410555425943627,18.452634899864737
0.681,18.03144590997057,18.454309107281812,18.371602950496552,18.60419240559744,18.6026369251538,18.32900123872153,18.148283617262486,18.30896767058635,18.27588030130304,18.11235062412028,18.113470601159165,18.097025961430617,18.392640783271048,18.01495106186915,18.58409999294355
0.683441,18.37345390898303,17.937839449109635,18.454235051800133,18.63353040550154,18.472740091636098,17.99371530006781,18.697283891212535,18.468414455819037,18.745175526799557,18.82451107282418,18.43209926831434,18.530017253835908,18.32785095239696,18.098538705548346,18.415191583420487
0.685883,18.542536313138502,18.609804913230757,18.278702882998978,18.84844998785726,18.439320789824528,18.206014644915427,18.792618459993264,18.710042738365473,18.61790586266606,18.5394307818064,18.09545531441423,18.655926677793833,18.245691012005043,18.488211881743975,18.989499479625245
0.688324,18.410674043943622,18.401553859496563,18.564932884724595,18.878207367905645,19.04717818921169,18.478910575456464,18.282025889925336,18.906622420621044,18.626778199755933,18.624124888246673,18.373126180417266,18.534307058964686,18.80386575953965,18.535974701778766,18.99691483888137
0.690765,19.152806868699404,18.59097988819041,18.60700610343272,18.501235856054866,18.928816368524416,19.074509601494842,18.747471183404205,18.856654611897664,18.810850351881804,18.683091645524474,18.41506718258373,18.45368478694795,18.56467553782793,18.549239355298898,18.849708597402085
0.693207,18.613397101905942,18.990438450667572,18.734508237665928,18.676616026300334,19.43320159721156,19.049124194205195,18.956828369202903,18.983486849544715,19.15512612940558,18.889087981512542,18.68332180023796,18.824855586644194,18.904093701817885,18.57700403436608,19.179591533758018
0.695648,18.808055894988012,18.889128674735147,18.682300139456235,19.079955104146975,19.245907208813325,19.038445420663063,19.193023427673342,18.996884766120306,19.054538446725413,19.249435060117715,18.96336280599693,19.34135626540274,18.97353247261528,19.287526140359045,19.110110075772628
0.69809,19.141351386188315,18.707289085691965,18.976215465685858,18.837201936988578,19.50460652639172,18.968741655637658,18.955829923747242,19.602890994254643,19.40825563279141,19.198455048714635,18.646866669608208,19.080728803657944,19.315081418038613,19.15597159275515,18.92253415164975
0.700531,19.293451637878995,19.068916589191378,18.957959912106435,18.768843380492193,19.53428007984184,19.11250594282376,18.992239127693146,19.350171656564747,19.09754379984453,19.60898220405356,19.196312066042054,18.871500695969868,19.314478687629382,19.48640643571237,19.145642816020995
0.702972,19.375808533675904,19.435235862403715,19.27534075472412,19.348999805395025,19.706402719056452,19.12935098283794,19.15772446804666,19.591537359359553,19.532420517685747,19.57840550640657,18.992569880971732,19.25590472471068,19.25469991008085,19.46009951581026,19.447280982677416
0.705414,19.32684847148331,19.265063546983807,19.071157188374926,19.516292820314913,19.343151903006802,19.354905470600258,19.50045175853791,19.66264695010824,19.244898102028753,19.5126097695618,19.60400782815606,19.55131060759378,19.06141786483034,19.67869652645473,19.97071438359219
0.707855,19.298554148910487,19.440221290820993,19.673006429638544,19.559971944554473,19.596300052036604,19.532258848726595,19.418976957485814,20.0530629548377,19.49112061009937,19.842212238641107,19.529493716092603,19.24730771236588,19.32165432416202,19.822943039091285,19.69875121015108
0.710297,19.44698316593632,19.54474378024976,19.284011648554433,19.827273287970673,19.95293156187704,19.75942180464737,19.678042838348105,19.722328814442825,19.831627763526136,19.607562245992206,19.42171800360182,19.341993412291437,19.26826816924442,19.797044530776567,20.120356000224433
0.712738,19.647955954190387,19.623410690577558,19.561916622619243,19.91429389810571,20.01334832273682,19.80296575161323,19.866623696682876,19.774619560079326,19.90576829604928,19.66429297244019,19.633786584670865,19.491553074855617,19.650068794751256,19.9218774194378,20.092702924909705
0.715179,19.72409242715022,19.727091613935663,19.70145964731124,19.927730699996967,20.095516336431793,19.706362369624323,20.13234243202245,20.231641093578936,20.260451815601858,20.27714027331388,19.91617493239066,19.965415324056067,19.954257585228664,20.11526493913106,20.400674239191545
0.717621,20.104319295044107,19.463428226442613,19.89604130635149,19.810420272193674,20.152847747180157,20.091892195754507,20.07478434839333,20.029098209126815,19.900329817551263,20.26305645062882,20.18954943905421,20.144207818045615,19.718616544838845,19.85889448157978,20.258696320176593
0.720062,19.881140627362324,19.895189943690195,20.02598723496251,19.824018211724017,19.868997783736376,19.936437350374014,20.088026944695994,20.026499380145275,19.830226620699793,20.423578225284068,19.986651999548318,20.178494260685085,20.069891917692832,20.102413231699927,20.57289270997477
0.722504,20.03978548186439,20.010946694232352,19.960508683209667,19.859086091739012,20.059701853971074,20.2648025352811,20.376397657347223,20.766677012034485,20.619332149362112,20.486999621257702,19.771883459864128,20.13737797177885,19.95821086313904,19.84454802600789,20.317058914983182
0.724945,20.023292858692397,20.12857230080318,19.82454876791957,19.99898640460418,20.12327968863957,20.314949297228083,20.464167355826024,20.58466802071388,20.22408837580727,20.733509564298096,20.07881535872848,20.12075277595756,20.029430287733852,20.028504003867845,20.39024800090112
0.727386,20.256550087431695,20.255158087019424,20.251378890722986,20.614447969664276,20.436008345058482,19.868916455235965,20.168188902328364,20.471947972648245,20.120517532483138,21.014393741283882,20.307472325964085,20.607660065312576,20.071186340220315,20.562408108636262,20.34185495509122
0.729828,20.372798516765716,20.132908953472587,20.473071341212336,20.673354742780727,20.653569685893213,20.387490156705198,19.87336784551257,20.696304332976858,20.71301524449233,20.489660945113677,20.214162846296524,20.406554364109983,20.412778287321515,20.42368772255494,20.649579511109703
0.732269,20.15393324087405,20.353106217909744,20.15524213294164,20.421057092862107,20.61384756872413,20.399982330936297,20.493783910619857,20.668297661938077,20.545504639684694,20.849385738435718,20.467065861841796,20.87572794081179,20.3378692260466,20.935667263389227,20.428464839938353
0.734711,20.41442900802143,20.553900179319808,20.646541913998423,20.724534336860177,20.60196202747198,20.533427628583734,20.61765624292955,20.5512699170491,20.89389987822433,20.83262803876134,20.252319278279565,20.455557231283596,20.367070602926102,20.735437355622437,20.69131741417172
0.737152,20.545918282058096,20.88624135012951,20.312099738494002,20.557937730547867,20.79091516990443,20.7017084911777,20.87854506551378,20.68119054392921,21.04220237116713,20.651906253405603,20.640677801019745,20.84957712831779,20.313879854173916,20.60164350256902,20.9673087404182
0.739594,20.85338640773062,20.855675971076376,20.6685439623704,20.740725905826714,20.840073416211254,20.75341673786622,20.65108223830335,20.818951263615507,20.723965830694517,21.159777138985334,20.52607313633333,20.736569414655253,20.324561601559218,21.096197423042227,21.092039279566382
0.742035,20.959839163429677,20.713733783067177,20.74469833352363,20.840072094393005,21.103686644733624,20.770763214501176,20.980716632228855,21.110346168635804,20.987701376179157,20.953904368593147,20.681381590527632,20.82661617824322,20.667094007137923,21.0018855302754,21.248349377475755
0.744476,20.836717416805293,20.86424060126749,20.972293155427817,20.880399624066527,21.18518501786573,20.97455578997084,20.62438141970593,20.883096989971953,20.75293317308109,21.25011976143896,20.892534346610567,20.499002042166186,20.925748941276126,21.119556156351194,21.263376819148952
0.746918,20.50593234285063,20.895848645903015,21.349975072306982,20.5705831813326,21.024498495042085,21.12504490340194,21.042631020533825,21.505496509272543,20.87520505872654,20.865809532712245,21.18424825864566,21.176088711730017,20.790221394909352,21.474909330790876,21.048519379256383
0.749359,21.456215004908564,20.886000216928732,20.78333240028001,21.11831960609084,21.29431174701115,21.105648147472415,21.038721768610277,21.413648061320277,21.136527944861964,21.38879115913039,21.20119075982539,21.137123140205542,20.95544900065341,21.15574751301463,20.964502332322873
0.751801,21.45000827982887,21.070829743075684,21.00343911464619,20.968851367578115,21.266421624377674,20.982103463138454,20.866588668225194,21.395655926790237,21.259831394867906,21.40583549018028,21.209569084863716,20.85575209844248,20.95063517401729,20.96993499818349,21.047718633177137
0.754242,21.043362574813507,20.9169296278469,21.24380885386589,21.21058345113717,21.09299705468238,20.950364490888326,21.035337808365817,21.466857973823743,21.33302504425426,21.882776407829887,21.24599797919038,21.403384934531108,21.28482134318756,21.48788843283733,21.658484572294753
0.756683,21.423097951253656,21.15709421304408,21.2670259919333,21.23248558419633,21.24193770061555,21.17462952674045,21.332398294533846,21.287116007249622,21.777511763069594,22.00516176891956,21.212093607302734,21.33996706092387,21.450355133486617,21.89301428637689,21.518147892254067
0.759125,21.45155601105899,20.980419789184236,20.835053699561875,21.473092745554673,21.380627298316647,21.480718702361532,21.296069563064886,21.199618690118836,21.899113333621575,21.55576998016337,20.979402480557606,21.27463575843196,20.798168000069722,21.533724645866112,21.16518644883861
0.761566,21.10576985421716,21.137540967139234,21.42204126394283,21.51132889855061,21.527615158504435,21.36331467190125,21.653072421547723,21.67445909549921,21.868733408852417,21.901092413007028,21.394160620288503,21.333091673353685,21.24172766908745,21.27164612909272,21.90763041096547
0.764008,21.50952726979342,21.226179657868542,21.227464580448945,21.307755748237362,21.676115599174235,21.424046308730595,21.617843566250436,21.890133192490616,21.759330140341927,22.117462735606537,21.355571687755866,21.405343925687358,21.473733537878992,21.93836032868692,21.759649713927754
0.766449,21.053261647535503,21.6558817280052,21.33080432293991,21.26334683717036,21.512058655879255,21.55646966185268,21.532520297691175,21.88718853160053,21.801635637442764,21.690192442239315,21.69738339759758,21.64131193897838,21.604368675630553,21.554109732559006,21.783544599197597
0.76889,21.532554312190157,21.730734552856145,21.396948303665567,21.669660672987852,22.03290778433248,21.873875488483325,21.88087271966282,21.848972564591755,21.75377444407046,21.65102493788462,21.71192621157749,21.75988078283429,21.441749289955037,21.829401911861513,21.967291526479524
0.771332,21.69998903274798,21.28963253426655,21.479097737691518,21.460575218501504,22.040785398074288,21.749106930185533,21.75595339738703,22.07907793233318,21.95849253380366,21.979364320947404,21.57654166284637,21.42503937220357,21.552951723504673,21.823514567536748,21.924106953089503
0.773773,21.762889850337352,21.757179507355474,21.56553387632371,21.85134840154796,21.826139169513183,21.59444206364487,21.854495074965808,22.085762739645897,21.661952975502665,21.869986966002934,21.92128123000395,21.838416066738652,21.649415808150593,21.617380626351938,21.95784044739011
0.776215,21.9189810088687,21.851992794543833,21.943622278275004,22.02388762753687,21.805782892870717,21.50955043753423,21.63112753621145,22.16685012607205,21.872823462152812,22.074540464599462,21.644521101406,21.949219192100976,21.76172918800564,21.886042817172,21.87866481206321
0.778656,21.605226628167223,22.14112279560225,21.690198685438695,21.728230899469953,21.968281504119474,21.60667789765711,22.064004308844346,22.266754316839005,21.717143130924946,22.177958494916236,21.96332056453244,21.40207108314876,22.025468764854544,22.001579099344873,21.73106139222152
0.781097,22.16103180975832,21.237908805841172,21.855523275263554,21.98144802188699,22.136999475535887,21.68162711905466,22.060780652847587,22.323553949872093,22.001331928896082,22.143325158246128,21.991191920930675,21.517596064851876,21.63754604950701,21.818682808423883,22.264132035849318
0.783539,21.770835094564735,21.824735831798957,21.853676235803427,22.001129114410602,21.90447504088548,22.232751724810946,22.167005908500375,22.105478827423955,22.19533280949663,22.266220241094327,22.243572089255593,22.29898637988478,21.495039639767437,22.148220521115082,22.199364445099633
0.78598,22.243385427452303,21.80876185592461,22.1691900777905,22.00668063527158,22.493667511439032,21.824922134733974,22.134862635065506,22.183713699261386,22.054811951559614,22.3527551936538,21.708329527914344,22.214976969782484,21.961158116201606,22.10724041237404,22.367593010900972
0.788422,21.713461043317775,21.730796022820424,22.3171371951358,22.078976390713752,21.64989718162563,22.230396217784943,21.99462594791228,22.3524050737757,22.23593508884473,22.424065479524785,22.293094629832304,22.434806983422472,22.239633816462593,22.381752471466378,22.504198422593056
0.790863,22.190149262347827,21.850112678156076,22.05010180082801,21.957247669732173,22.27583004483047,22.252858518359396,22.20307493389112,22.468014760439,22.549330552112863,22.342266543907638,22.098763643157863,22.11226214643248,21.92273209296616,22.099385473703155,22.099905986565005
0.793304,22.191576625179522,21.995108070050435,22.183818911057525,22.336307164937047,22.325083278097598,21.825160207842153,21.90143012741267,22.241479024266653,22.64671270918228,22.6905150131269,22.08979672371985,22.345833310656282,22.090409300279138,22.331262899883868,22.70733281767288
0.795746,21.779500655565535,22.11227780405703,22.398559224809265,22.11675029510964,22.503772442323346,21.894795146006196,22.449995364593637,22.38822011713145,22.250093920631514,22.898745008426175,22.193344033528543,22.27589045386552,22.033709379118132,22.567709125791335,22.454647960685815
0.798187,22.597457685718314,22.074057281931474,22.024320514618996,22.21184424732252,22.371217432193802,22.355920324310503,22.564067040667926,22.328127653318507,22.418705005443243,22.89763601071554,22.31636926942477,22.141050781285582,22.060239835626884,22.25927125329772,22.17632362780516
0.800629,22.488048704612698,22.023766198007362,22.392879572206663,22.46859830386502,22.83168180977641,22.045901559242825,22.369959726609437,22.709898990078784,22.107991419586952,22.877066631269578,22.34840930778811,22.046588430196593,22.188387453908334,22.363335096922356,22.69459093647155
0.80307,22.190124160769653,22.721748760917436,22.551074330550986,22.302832943024356,22.483958463963685,22.23373108260819,22.311166198252028,22.52182854654552,22.600228478498295,22.289806041982583,22.53676382719555,22.4704786495483,22.35724309894353,22.1897859456292,22.370205216627003
0.805511,22.212423803745924,22.382033861984407,22.466325067965666,22.563851954706713,22.61776922855242,22.467502224318185,22.128855269277523,22.722525822760083,22.499509878668658,22.754441335901785,22.017442783747093,22.662747843003444,22.09199989979259,22.308017236241405,22.750417912825217
0.807953,22.230058489892222,22.595240083134183,22.271168865037673,22.429864147717595,22.689698901209777,22.192506064404867,22.51182036615243,22.438385040403954,22.61093338750507,22.863590381348132,22.16677946722616,22.37243296468871,22.51169006398463,22.59259454963023,22.643751337484208
0.810394,22.64283777618103,22.49573007579313,22.482143407962926,22.675556619615076,22.672334322022614,22.37544883379854,22.689116973387282,22.605006081702715,23.074808941833982,22.851920638565655,22.279987672780862,22.48601291834777,22.15306216855591,22.529202231685684,22.61482883509938
0.812836,22.410662946175044,22.82191997052978,22.408311376858656,22.46784326873364,22.179576013616977,22.3362279339696,22.315055556524804,22.84721122539428,22.811960484182354,22.863574246916254,22.716258865478263,22.721893909932227,22.181254563450263,22.44059908568525,23.00126030660301
0.815277,22.892742512585006,22.488864761149213,22.26067416529295,22.519165404721843,22.46656502761157,22.171970276460822,22.526982788857104,22.591553428902074,22.621615951296086,22.995039644814003,22.620996095030712,22.6925606142412,22.05600348798509,22.519914306265512,22.7699299718097
0.817719,22.681113840164677,22.74195031510281,22.536172509194124,22.564749006078994,22.956883871552016,23.00302234535964,22.39696343136611,22.827866915590025,23.195949882546383,22.779309590938393,22.48504016038351,22.812644044416565,22.32585922276672,23.091442443829212,22.895380624872065
0.82016,22.6493965240649,22.7156279171725,21.945527962044775,22.938804665900648,22.73465799421267,22.57103871030151,22.289477929934904,23.110963368705995,22.610759166810457,23.2516239223439,22.65791705442343,22.702544717046937,22.303347567245357,22.359951062960562,22.54752668227207
0.822601,22.624632358038284,22.468619571777303,22.180599844732818,22.9240188229188,22.907274206594753,22.674436124103572,22.78877758898368,22.63269333728088,22.915701038994246,22.68097430184021,22.647514356103446,22.737661624010197,22.700230532158532,22.623384809186483,23.10939057347152
0.825043,22.784342143112923,22.690300057705382,22.330603038289794,22.950727525770457,23.326282624768066,22.81753027564115,22.514423734793375,23.109833431648376,23.273107770872986,23.153982521816882,22.8003870442136,22.33282502567632,23.04226771594542,22.788621788620055,22.799903683543278
0.827484,22.99046421158615,23.038322316487307,22.480037127932732,22.553646343521322,22.965745853260675,22.506813631552422,22.938700702723924,23.423552083088197,22.97729276736889,22.797038351998513,22.584280739163894,22.91386110411152,22.989213465575958,22.733224029365672,22.790809202476414
0.829926,22.536982689998446,22.410440118416137,22.757385888788622,22.836805929870977,23.099656013675084,23.124613176084903,22.76435675465529,22.698816787736774,22.80258083477746,23.477516142401413,22.895387800496092,22.666245697802896,22.62648790920009,22.863082112750096,23.14050713280732
0.832367,22.645914049414575,23.339343433911456,22.57687036657922,23.04811685589983,22.933478474172762,22.82244386613572,22.731468760102338,22.728926692917057,23.071609094635967,23.209760514646312,22.581913910388522,22.729288518761173,22.827744310133703,23.13591796150859,23.164344074943834
0.834808,22.64777956997811,22.832106042496918,22.777841694875047,23.049818272699532,22.993904519734485,22.406690846007066,22.90266969782266,23.066719265354678,22.887368845232977,23.135744568892108,23.115616532744223,22.52392608684798,22.761397443491216,23.252774663125255,23.314177687238466
0.83725,23.04211456609104,22.454133025307964,22.765386370947102,22.88518377028316,23.2560246983352,22.58425641470764,22.97122990832595,23.048568822839357,23.151276722856043,23.455892877766065,22.52743147580418,22.64276114592404,22.77543452840494,23.277334041083527,23.32500689404202
0.839691,23.0045452645912,22.687540024510522,22.914560517191074,22.958919976105108,22.88301119270825,22.634203319522044,22.783597642768296,22.95237416826558,23.197451013133957,23.19131269237882,22.654000072755135,22.559383938841254,22.77861703781555,22.87303231835867,23.470298725702172
0.842133,22.754123259185242,23.21366016651745,22.5627458440459,22.430164750736758,22.557480520946374,22.798875790753613,22.981283357704797,23.4874014387161,23.394422289628714,23.10924791822055,22.862846129610006,22.686798566683677,22.909995358972242,23.08339851497979,22.699785620123663
0.844574,22.79996769099258,22.916197320630967,22.89677308903593,22.995411365617212,23.04955272554174,23.093790338631976,23.087254425187734,23.137713822463525,23.076042694436648,23.678789639436545,22.46573126292264,23.034396907416912,22.988964303992468,22.831323355757778,23.368414104151505
0.847015,22.81766927342568,22.905757219497545,23.135918512992333,23.252479359504417,22.851323204993623,23.115909181138974,22.876278652402522,23.044222921037314,23.06289863396994,23.684139768858326,23.171080811337564,22.990639274863764,22.72644387088485,23.195775940368687,23.27118141120786
0.849457,22.806694825940767,23.091295077029027,22.92992468830916,23.439245544111532,23.364709235838095,22.985576369332442,23.11831889641867,23.146611441201006,23.378112840827562,23.181243025297064,22.77383519921112,23.139224338408546,23.014688684740836,23.244335679685317,23.27344818949802
0.851898,22.908408879450405,23.114936732583587,22.949445243665775,23.116255453881553,23.071366894172737,22.798888897878978,23.133462496228727,23.462800130166162,23.08192303240421,23.1290841586837,23.161368888790058,22.891353334336188,22.735431272751903,23.15152109659292,23.263829584275108
0.85434,22.949286845764114,23.363385883893,23.485046594095326,23.40569887893103,23.24466671491443,22.87189983630109,23.203481616357614,23.597087262728753,23.47633711093813,23.219629991215072,23.183695911768616,23.421970573762472,22.72657256211323,23.232043125060677,23.312452377662524
0.856781,22.938388488318786,22.801068645225385,22.963677678835353,23.00205119218271,22.904371152098463,23.127406429451398,23.524634674948906,23.54324410107653,23.838855687941884,23.32096879195407,22.919109512824377,22.8546384180366,23.227590726730835,23.3284990154905,23.5221667090683
0.859222,23.336398217625913,22.953127012394607,23.276931153192827,23.340254946727107,23.07372933364842,23.00717229816241,23.411825188208923,23.482517508439283,23.401839694041108,23.373101702383757,22.903345554795077,23.24603019701251,23.235198618655666,23.548065554200456,23.38156164212149
0.861664,22.651838784797725,22.818279123706045,23.091094164952732,23.166459706485504,23.291642475034166,23.042930450273083,23.351012027110848,23.730726706902317,23.444313784046326,23.461308365178393,23.36866877750612,23.025206891610093,23.172644891086932,23.486271217730522,23.661871016845968
0.864105,23.096787703307005,23.216371953052008,23.21512791963777,23.522535186577123,23.366972673080344,23.28794406850001,23.25652331608895,23.489740713386947,23.40298067993572,23.61222188049236,23.470249448924285,22.96854943845696,22.981874175522673,23.189249125281926,23.50000081744203
0.866547,22.809180841239066,23.170640177551128,23.118434904185712,23.45411654534163,23.68072943260727,23.384350532412167,23.36433091635747,23.27992128046438,23.27557868194716,23.890357848278622,23.262615235321682,22.776546237724123,23.048774112633897,23.443663439431877,23.592215038293766
0.868988,23.181965679485963,23.38454619282277,22.91674850610787,23.531261428271918,23.401997882288516,23.399620561257947,23.14901622000294,23.6220965424282,23.392795471890263,23.7297799717686,23.305162530698215,23.502380348095915,23.088425807221164,23.5954386069422,23.476251063849624
0.871429,23.307631115630432,23.071618713287325,23.264947228966026,23.304848099556086,23.25543885551041,23.280743879633327,23.383612735802817,23.363036559867897,23.56844922880686,23.54180915670696,23.216390166319936,23.56553172848018,23.05818428707472,23.631963467069102,23.78314687066095
0.873871,23.333227523067787,23.17436597367663,23.26628815640125,23.449937556594506,23.592447501394744,23.21782167825278,23.290103522618075,23.72828398564305,23.54603544091625,24.125048670622505,23.33474801207988,23.09270837039915,23.199988857789034,23.439240245640473,23.61915260046471
0.876312,23.76460925501625,23.048717368981844,23.208986346688718,23.04981942026279,23.395401477806754,23.236770291497518,23.599861443716723,23.499707900462237,23.519186915648138,23.707953300781284,23.56162258989011,23.42019447443339,23.39434678882437,23.95117185853645,23.55452116964918
0.878754,23.654335497409456,23.298113459699024,23.5627094529161,23.845740357281432,23.40974402000811,23.30192891155551,23.63657266161913,23.37757030850872,23.776166101699634,23.44664397474579,23.593571881568415,23.528395323375914,23.41967401545038,23.53297598053752,23.318374320677272
0.881195,23.31891294828111,23.431120490464842,23.385968650701724,23.480710662104876,23.617184414412563,23.617856175224144,23.125100147170798,23.549488307151716,23.775708072851817,23.552899259394447,23.52778930679065,23.595666888712053,23.347922835476556,23.24333030369979,23.48930060803825
0.883636,23.685954503252827,23.613856435372675,23.19406980937753,23.557968008725435,23.28512618896383,23.594749756994943,23.432740959108198,23.80068206682264,23.975861611491236,23.97785677479673,23.362906847717554,23.11514019522082,23.35258778450919,23.70684609145583,23.616605158800446
0.886078,23.76685265297078,23.452516299761115,23.257552165182375,23.717046790278058,23.668245489054037,23.409852299787023,23.37125510676136,23.733808350403688,23.9541467749131,23.907846944512656,23.40814525829924,23.20363041788419,23.488372122967874,23.530562810469146,23.649335795199807
0.888519,23.53516580424386,23.14427607623662,23.374399342131696,22.926983705141975,23.256151881025257,23.631727340202676,23.474558533968203,23.374349559284134,23.931413676993202,24.100921271349247,23.497516611711326,23.302413032186788,23.62793972923722,23.483623842279837,23.7670980004101
0.890961,23.586588224859614,23.70953441782268,23.430103544511994,23.617004002962638,23.766051479911397,23.23285860411837,23.772453454920793,23.591982517552957,23.739785468361514,24.06968559015755,23.6268911943993,23.321020159231182,23.380183260775723,23.56006289196384,23.420581871153203
0.893402,23.80059821187448,23.27512448217285,23.477725063949116,23.70574733305435,23.665670107346834,23.547286021361664,23.617148927482972,24.215158415761046,23.82222843555621,23.632232912584765,23.527890639419123,23.480546991460546,23.30221215039204,23.590943348419888,23.54665261564513
0.895844,23.313599958072466,23.56587945730516,23.455497681822067,23.265577558976613,23.761940411924165,23.561465473517547,23.53696046880748,23.84914488748508,23.44076743381524,23.920449551816446,23.666431252416768,23.497951193930234,23.364714586196943,23.866091235291965,23.755793512889124
0.898285,23.560994305832253,23.45604591158291,23.384487027528422,23.35192669388061,23.685633227773636,23.283274533459398,23.650202835778792,23.970858356096148,23.942374558617484,23.914866125878476,23.74179561814357,23.549374509151257,23.175468926434633,23.569955564731348,23.50635775186889
0.900726,23.23118004596907,23.622274381865026,23.77268606327396,23.490559118765002,23.704030210979294,23.22962233402041,23.50336086169796,23.417605780926205,23.906146683265433,23.763392648847606,23.24816039906236,23.339960727092727,23.294653950534325,23.553121962326397,23.646835207125086
0.903168,23.73300474907675,23.52593722760423,23.70005000707609,23.64252327835346,23.842696811307608,23.16801068532162,23.773557258307314,23.98027766730243,23.79094607705418,23.670864565280567,23.66665598975657,23.65860017509923,23.34939607361333,23.40525698451387,23.633648716065355
0.905609,23.5558964874632,23.239295313553605,23.57232147554771,23.920385375971428,23.744053241004128,23.410842620173394,23.346798190556445,23.58452546730993,23.767961073768543,24.044344344336817,23.72276397602985,23.44596411425913,23.53397497500356,23.684829084357,23.9146194489595
0.908051,23.96313404009666,23.19074264679789,23.361287889482345,23.84073475685345,23.575762942067115,23.078946892338973,23.474485676863214,23.818458033291673,23.687004927601894,23.859884066932658,23.571878060978705,23.71184100657391,23.42621406018782,23.89153720474341,23.820030094639336
0.910492,23.412448961176157,23.534095565509034,23.735445302098437,23.714213644740248,23.938353039130536,23.318242519504487,23.46418392280276,23.575516093622845,23.69283952944796,23.724103553301997,23.52126019836065,23.569806665192697,23.4495397255254,23.793810984983423,23.833877327053948
0.912933,23.255368293496677,23.909608882546543,23.45709941716072,23.09894366441217,23.749637124413567,23.54789173923283,23.398973252781943,23.72061883024458,23.878790715606602,24.029010192559685,23.18171657954641,23.579864725127585,23.501791800476834,23.615792127646483,23.727625152221737
0.915375,23.733202278773632,23.445255612677688,23.8417064014366,23.563919627550693,23.717585913300383,23.79175696473503,23.607477564287574,23.767586465914746,23.66538756883742,23.892923660228302,23.6187260711885,23.560372615817677,23.18825756854858,23.875525869183363,23.60702694195864
0.917816,23.06136286137781,23.039296293634184,23.495100093695978,23.80143171567158,23.53268586663872,23.316501215106992,23.506554465498095,23.328043144350758,23.582606803189552,23.665049913715873,23.33236655880843,23.38695176054748,23.01002745830159,23.58238792744976,23.735659971950998
0.920258,23.44512816354913,23.712243230969797,23.256369565900403,23.632332984477507,23.574107523009395,23.2296820383161,23.449516779418182,23.94940875755968,23.522309715424864,23.80287755111314,23.701032702956958,23.475798662538203,23.169991952318693,23.576713981102568,23.695627041162457
0.922699,23.490764660690072,22.92077819977736,23.147521540813372,23.32151399681069,23.319959694013264,23.472646772605334,23.268506329534336,23.782472008354343,23.711463428308154,23.724368419955493,23.255742696803896,23.53954307783355,23.73589142268241,23.674679689461147,23.256380367350367
0.92514,23.20562782460271,23.044980050537564,23.165701633885238,23.348759069447595,23.278933945331058,23.518031699971154,22.98316785065637,23.607727559533064,23.542471633826903,23.837045546724834,23.207535111967868,23.325031713054635,22.897604435193852,23.14715400250439,23.748046749271797
0.927582,23.40511413984897,23.398934393044296,23.24882201478678,23.27016242451963,23.40750410546762,23.091272264597688,23.20117841870954,23.69456117399918,23.691029443057584,23.2354511094185,23.113897470606886,23.266931319942326,23.101325020369135,23.270257654099435,23.374453701528385
0.930023,23.330428326596053,22.76673211936894,23.134420418235315,23.181130694913996,23.126042911634855,22.795601514256553,23.313086309848543,23.73865046889914,23.408216364259808,23.68050187049351,23.282843519361315,23.09857475691703,22.940914901558738,23.568781712346834,23.24161787894241
0.932465,23.294679666812797,23.072532621670543,23.1837318868778,23.1686799630262,23.282507398245304,22.616264061444284,23.337048170652064,23.912752893219636,23.00933750844989,23.294713402289332,23.13103385889549,23.149670710086518,23.112407409287968,22.857354684652123,23.374405422720947
0.934906,23.234180348170405,22.8636910182386,23.230948331556153,22.987923405156504,23.20529958896086,23.381868881632638,23.28256737662413,23.60929504975905,23.40808107016843,23.3959102745309,23.106286326868776,23.23901857043794,23.09390964434733,23.274539251645177,23.18024652783332
0.937347,22.814032094479877,22.911168746577214,22.550442391490968,22.8780684875264,23.033345421632703,22.672059152173436,23.33763191805219,23.364662543276452,23.612576417875232,23.228051353961252,22.942898552203257,22.701924144118177,23.034873586976335,23.268681069722906,23.206212100318016
0.939789,22.98599340594127,22.90538869164386,23.117984927677234,23.280817074774436,23.120445239075156,22.605570925353504,22.77642601523328,23.103355977953242,23.11337921884542,23.11683042917072,23.176521464074312,22.877134028429055,22.700416316443707,23.062493069466907,23.249310705347124
0.94223,22.73263781676519,22.48526519137997,22.98394284863742,22.902233639238442,23.23404782829061,22.403896131603638,23.033978897230117,22.650666399858085,23.153639048181976,23.502889475024578,22.681898850042828,22.88888039993099,22.79956510541962,23.12516593512362,23.178248500610934
0.944672,22.902015509839313,22.793585152230456,22.43718814723403,23.000885182820113,23.112739983028792,22.484278564431843,22.69842001234724,22.79426566198198,23.226397798187516,22.990189502524263,22.567611738278455,22.757446503858954,22.708740711330933,22.947128742529827,23.103897598032084
0.947113,22.804104641056785,22.718095600396076,22.514302863564662,22.61652479165612,22.724721331101325,22.774865045555593,22.449266863629152,23.2340198701105,22.802698133363577,22.930543144734962,22.57032023497202,22.66559236221225,22.75723166647728,23.063670378252976,23.154496472739893
0.949554,22.59005603529948,22.152391917590606,22.752210368165873,22.504845935012817,22.746562061658146,22.360846793912316,22.72234293722939,22.944914340034384,22.589343172917758,23.132690278552193,22.596605290093432,22.470293200448136,22.619718710192352,23.141944347228062,22.72890443612005
0.951996,22.43123276628514,22.728996472785955,22.744869176479796,22.44280325349529,22.840390090249794,22.31569355100595,22.87513802816212,22.985774303430816,22.476882225538535,22.98190649453059,22.441749901081714,22.583356923131838,22.290638911750076,22.44950376160354,22.314348629753148
0.954437,22.861339898690893,22.3743444256332,22.553711401068472,22.365644643791953,22.438089771872047,22.050830972333657,22.872028233610994,22.874826969523543,22.636248265218608,22.715061083000027,22.305054256879796,22.580247072496714,22.351265610889943,22.539528435666078,22.6713469072131
0.956879,22.523811302300416,22.555379936155664,22.27037016474956,22.331219775111524,22.53984979350359,22.25784092799379,22.571104350891805,23.15321157489788,22.704582640147418,22.535034525050442,22.50612286693941,22.11395025446025,22.414272421948194,22.68275927023157,22.281107404456424
0.95932,22.145079688049503,21.971564778411942,22.270493992975926,22.279644618549575,22.50000473850597,21.938534414869327,22.459377689567564,22.35082661449313,22.802440283275995,22.727475246483017,22.1792884645891,22.304162217096668,21.99319679158608,22.38073513649245,22.72229318776431
0.961761,22.091981846168814,22.14287918139374,22.20428707701531,22.09544375501446,22.359408439804117,22.514119234167335,21.94676669367623,22.104403677508223,22.406861526242217,22.72899932740587,22.321752284382047,22.22543660616818,22.260831321472164,22.383508069029094,22.48610305814318
0.964203,22.230825502209708,22.197511858866136,22.529543027807968,22.09121027056719,21.932053597534075,22.130963199006878,22.153175606125103,22.35839575358589,22.777619441235522,22.601259764622302,22.39264902408491,22.288099490897118,22.315635507469256,22.382291683180522,22.618068447557754
0.966644,22.28155648796537,21.96428296282673,22.153581699912326,22.31503939720877,22.039258323189287,22.205186963701298,21.902594246132217,22.079236439564564,22.077448745205775,22.600649626800422,22.236377901641855,22.06282461893085,21.806876482618392,22.306978139332166,22.324028480896033
0.969086,22.48216992978392,22.26303399061438,22.199079193529187,21.957590294806728,21.906143931400198,21.75222034084217,22.082874837232236,22.39772034713559,22.40855180825002,22.122325202087396,21.68638156769906,22.36986687597834,21.898012454735582,21.80101296056393,22.33765458833239
0.971527,21.951727489540747,21.936297345560938,21.852374582329087,21.94881682879578,21.73175414804043,21.936976834517935,21.90980917047203,22.412295871290908,22.29402695510555,22.659221844581808,21.748097432986768,21.95362335914695,21.619027986751536,22.0802416549784,21.834187042698126
0.973969,21.905996192231473,21.54109407568506,21.70003695115618,21.90207482511135,22.14468572630739,21.89282292740977,21.430181096654525,22.321166355807495,22.23076631503094,22.14757225464792,21.93647038108081,21.912459638895456,21.86842074228825,21.825427600835482,21.83969596499506
0.97641,21.81604800267463,21.773771638196,21.775508453980972,21.508320624717086,21.75340190152709,21.721002953749515,21.691296980608257,22.120859130696207,22.033191935775825,21.966946583242603,21.62892994391827,21.975128002273262,21.562647124148718,21.726270929415335,21.942435438811096
0.978851,21.86329275152891,21.769262264653346,21.92967670144927,21.509848581068614,21.73441458408987,21.679063065778788,21.934734095897653,22.33042117091452,21.699381594960084,22.418294991984745,21.76694093096533,21.871070020755734,21.68531907545365,21.70492017109262,21.78581706095783
0.981293,22.050333398776157,21.718769504198594,21.64820976118702,21.682765618389578,21.754774436071504,21.589307753203617,22.003181421472977,21.349982725752934,22.28985810024316,21.830055367757016,21.48573991179349,21.718733844538622,21.602620261661873,21.92458593547863,22.00432092082847
0.983734,21.988154478676524,21.293690856134326,21.535987804976862,21.96658588352998,21.556253573969894,21.737726364166182,21.89044750920776,21.759639247349806,21.40054518769608,22.344913819363224,21.468629451519117,21.604860802324946,21.722097770971146,21.766177394640465,21.77676133187961
0.986176,21.71987583474111,21.809758512550605,21.339904814385605,21.536692981919153,21.59888253141217,21.31518561938144,21.4805213864979,22.01108082615737,21.63258383032595,21.59705223135304,21.458713203335662,21.76388288532886,21.57721646985651,21.614567556530513,22.008964315478266
0.988617,21.322508280412418,21.69028700134356,21.581220265599068,21.54722330574861,21.778330359331722,21.481123856525105,21.762160091407598,21.6098747776247,22.012621381559907,22.005583188440777,21.443461841894546,21.777647083916627,21.200017801102227,21.955081296939852,21.76846659041063
0.991058,21.22275290312763,21.72521352090812,21.397574725308658,21.692774393013046,21.61034977846924,21.049900487909095,21.341889391342047,21.55697117980077,22.171117046027938,21.371179091655012,21.49303286486555,21.697777340371125,21.66638239504473,21.575146649357883,21.22307162687303
0.9935,21.39284930898458,21.24679944634312,21.34852542218336,21.289637682838446,21.65534051507014,21.15019371686601,21.705471939655535,21.8248892646611,21.666121935402685,21.62491059176095,21.458296346882076,21.650537731976048,21.41341305512361,21.61473811816193,21.569111175069278
0.995941,21.577810873423026,21.31514212122769,21.375877282421076,21.53932609295038,21.568653363371546,21.375708743360075,21.222534119492114,21.773745705359516,21.528105098689206,21.49291298154625,21.623545490630622,21.138935545853997,21.644418738573183,21.83942350207813,21.186742703892538
0.998383,21.521733144490305,21.701179940684778,21.349387963003277,21.35368789343698,21.342663370451618,21.291637543756597,21.439790129092934,21.555871552259266,21.496464760179116,21.59630170382595,21.31838015833148,21.69632716352656,21.42440278658325,21.34283146029204,21.63644807281153
1.00082,21.529427668919347,21.119123051693744,21.357588433972342,21.57369046745005,21.10452833883176,20.936102088847512,21.289596148528144,21.459223202801844,21.385949406741332,21.778688453546806,21.46755067075976,21.220911804347743,21.279514477810075,21.33801273726387,21.341802453107604
1.00327,21.356431571179403,21.59693069399959,21.406608498617558,21.45850559928724,21.623919312322847,21.172839641638255,21.59885928744218,21.342096559233447,21.63999974746473,22.105941071803517,21.159200834883872,21.72069319445781,21.415609356555905,21.52007349034056,21.691970073120647
1.00571,21.302129778748633,21.185428000954822,21.52202898796594,21.053484673637072,21.722250583260244,21.301887814251234,21.791962044798122,21.58332406052832,21.530669544773907,21.43684315333866,21.0334681329124,21.047498398275174,21.06179330954107,21.32501896609981,21.4326523710528
1.00815,21.339662410085413,21.143221141838055,20.960805954756765,21.4895114225948,21.76521292104894,21.284584937812387,21.302323774333182,21.534542420761166,21.67659020839592,21.55539142132269,21.369312652627872,21.061370272983513,21.25706464916072,20.963648263817394,21.60995774438502
1.01059,21.351187625922968,21.1653310748339,21.106839895045418,21.494652685387365,21.222846568164393,21.23141386432368,21.585885679770367,21.306877946718828,21.479674901721705,21.504834925475038,21.093893434096533,21.29224033344915,21.447103097251613,21.214342980676907,21.610270991966072
1.01303,21.45847511847576,21.22045997493601,21.290043377567425,21.937615345206165,21.541359971128017,21.653693537140654,21.23669766514718,21.38800957750813,21.784888558577375,21.465079446072156,21.402834709149204,21.18727808146278,21.31301600302158,21.503201263182685,21.411071050080007
1.01547,21.23125034094585,21.020599614294554,21.424230839265245,21.71989464921141,21.508525347865078,21.347646436521668,21.80049520415345,21.56200125826786,21.55806026641285,21.933927982848562,21.74975256081472,21.452255113271786,21.144171999260962,21.256431284057868,21.614258910085134
1.01791,21.49606678625277,21.637551819263205,21.196310786594825,21.57625919420343,21.570664625509508,21.23427315614817,21.247574456927598,21.411696113411914,21.60893216710504,21.772359748748762,21.34710909696889,21.253932021400797,20.96302911405731,21.444732771930713,21.316483841684185
1.02036,21.47369319724328,21.330241905709933,21.28425685127258,21.22221145153758,21.588318392206038,21.373375781280025,21.083719200669016,21.47220500335842,21.550338832412706,21.591490368048092,21.359623686068755,21.260982388108864,21.185069202059278,21.033363610050554,21.577445742845118
1.0228,21.307978028562008,21.46948668553464,21.249893704182686,21.528500635489177,21.388340032780686,21.375739241142632,21.00619674861011,21.437493651416492,21.750551806883074,21.594020635386215,20.87905260165718,21.35201926414803,21.289337062613182,21.48101335742498,21.59100023037568
1.02524,21.451023392846526,21.07114678786659,21.23536951102208,21.124490069084334,21.3330097557827,21.351380532481755,21.262258875819665,21.39607910907905,21.731568304297788,21.48134488446769,21.542936268633646,21.174577557751732,21.12446916303057,21.219927687019307,21.597292562398334
1.02768,21.251273353857094,21.524920369730165,21.229872809730463,21.554454975703973,21.45730481403303,21.435710262305093,21.355432314373633,21.662150045429684,21.554329736289414,21.444063475444086,21.02151972313852,21.17971577207738,21.028284307613685,21.40516955842957,21.57763406350183
1.03012,21.36855883909991,21.291275294264473,21.425408256815153,21.423244538763758,21.683719183980283,21.48963167619136,21.474987861368216,21.583261887927396,21.713193611589958,21.54726887217577,21.20679488779754,21.523965144884478,21.093218500062093,21.146492911851738,21.742063430172173
1.03256,21.709661096873837,21.317462033250013,21.308964776571834,21.234409719009037,21.5907492193538,21.37537796181442,21.25558586873463,21.43909751404562,21.657784900449656,21.68517631535725,21.135839009324503,21.05850678972694,21.67693802104228,21.486432097553177,21.33060467132314
1.035,21.738846189727635,21.536685555252554,21.714299880743592,21.41247903050431,21.292386914033106,21.26187810917549,21.23611848077201,21.512258782230607,21.650578374509102,21.647478596211897,21.405198721603234,21.406876857683454,21.462261587487983,21.76795311737377,21.758353519220947
1.03745,21.377866564228473,21.47489230716354,21.512920692891676,21.63134470797059,21.59224222906356,21.23853784754094,21.280471067961848,21.59725567321034,21.980966747491042,22.10444697979808,21.43441832591962,21.60598960884166,21.614476626944636,21.527523096477378,21.854107307491876
1.03989,21.250577049159883,21.498599269277385,21.355656257708226,21.34447989701405,21.885037401478474,21.899533121383204,21.477949371842772,21.669286134417803,21.618089353178444,21.818924640382704,21.610756875515357,21.55438802333573,21.211021864357992,21.672142406010277,21.517753377538238
1.04233,21.683952450397978,21.383052446515624,21.48497611411879,21.392154957432872,21.679273469004205,21.518890017659412,21.481065433943243,21.567648288410474,21.8761448065341,21.814898851369044,21.67308707489705,21.372878548396237,21.28203317224642,21.759976615635217,21.618056931088553
1.04477,21.724028700403927,21.614743942054638,21.66416772038858,21.27903835362376,21.75820739221205,21.514787711424912,21.628427276833634,21.620752359251696,21.791827616064147,21.702410139287508,21.551219075727015,21.504830695141663,21.433554420629452,21.475617490537523,21.532004681555478
1.04721,21.285669442375475,21.519478318978837,21.521973313580776,21.571668878704493,20.998829544199026,21.33406918564821,21.512720653158397,21.90450143539105,21.83979203322581,21.893951721918455,21.74794456414737,21.836750574910862,21.421313057001626,21.55305079470807,21.681431437870373
1.04965,21.62870026812613,21.802961097919987,21.577840792263924,21.777841607092764,21.544427194149616,21.888252999271955,21.472556700359664,22.02717056733284,22.128992569916043,21.6809881166633,22.009313056866944,21.626188918625513,21.41771041697303,21.63437379941525,21.78915088092134
1.05209,21.58872026999313,21.795785159217104,21.649235555184447,21.522520145959458,22.013412982901254,21.382513436549093,21.636950067539747,22.082680714238915,21.91215813951785,22.005042166790616,21.614774468354874,21.516067605351452,21.600748672178245,21.950230698046244,21.3759485255358
1.05453,21.4955446305179,21.86280862381913,21.29654267046636,21.410038198497425,21.555085535890594,21.401098118141064,21.765094029272845,21.963690319710995,21.84355925816826,22.228718589590066,21.783195641539567,21.481919501974193,21.556509974957688,21.687783585362855,21.90111158769539
1.05698,21.666224455501936,21.393984678464133,21.501353950819293,22.03929908946184,21.856946088773803,21.60514640542834,21.579201490546232,21.976699336856154,22.043037283297853,21.99913249633061,22.018810650632933,21.65562014644264,21.37052590103787,21.999312610373693,22.20706570806116
1.05942,21.81061867079874,21.62452456956235,21.93932881113955,21.46421572983344,22.010301913524202,21.454987850800553,21.8925111873889,22.127818778972323,22.061041783204747,22.37469975792798,21.68006334100279,21.663860827378624,21.48973518078431,21.531751374366532,21.85970613353382
1.06186,21.647772623375147,21.677895045101266,21.49088743489632,21.992501278873373,21.96555797229304,21.471507235397578,21.691619262622925,21.91777273886975,21.8859252251762,22.13496517525535,22.089494543371632,21.65388676078157,21.517540986075705,21.76917706521727,21.92167346996637
1.0643,21.779772314914382,21.314958126958224,21.671810822615537,21.564429540201697,22.013671967314696,21.33734277565285,21.77160474549403,22.029658813980593,21.73216336178451,22.073173986878157,21.4229140512499,21.62257581104953,21.63625906079865,21.98884958514779,21.818232662406373
1.06674,21.4746421649262,21.860002682127824,21.719512337971587,21.754541447640115,22.15017065148748,21.950603933440924,21.93001931889335,21.746039902821643,22.05293435607051,22.095679612647576,21.826536655256522,21.76933534661267,21.46741521154652,21.830525432236314,22.06524220108005
1.06918,21.706663102021157,21.685545404782793,21.561392026491617,21.558082681365384,22.03897476561385,21.664324779499367,21.738315468447617,21.983337054902375,22.119496474791184,22.07363735469608,21.679263361738872,21.740906986852263,21.478110432485874,21.793803286531116,22.244010227703125
1.07162,21.974393251177826,21.667274353242288,22.15142516627283,21.761302435481962,22.39223137789918,21.972980021545332,22.092466625228624,21.923292557471644,22.306208596923906,21.892271689597017,21.838424230602005,21.76250598917198,21.456179032583382,21.546226378537572,22.291409441569954
1.07407,21.559371683524045,21.687558192771636,21.91854227417604,22.027777553254023,22.129920464339403,21.43093770992758,21.850171153240712,21.948372309478387,22.550738115569747,21.97015467386572,21.99017905857403,21.86537998165971,21.860789350185758,22.129625659926305,21.81918875321667
1.07651,21.981527045873303,21.982412715888902,22.132034623601093,22.098644310710373,22.11327725793609,21.798174245569655,22.087443144812614,21.9141309353858,22.186254613630272,22.294006906966395,21.64314493955192,21.843335603705643,21.531017385147646,22.088903902142004,21.91042303693398
1.07895,21.811260390093036,21.51152800093339,21.798276916244927,22.21536264983399,21.816641665005612,22.067764524268288,22.058409845508052,21.994976054384907,21.977033217568586,22.40306947586636,21.778903058819225,21.93995000411796,21.802375488570277,21.916213808993867,22.10708402228196
1.08139,21.425433865577684,21.94507705604705,21.660403116442403,22.298887500002422,21.747732719509433,21.945506738888312,22.208865988200266,22.122062208086312,22.66470634697887,21.921173672365622,22.122355239029375,21.452536823467025,21.954970046616562,22.371220019283733,22.117414053066817
1.08383,22.036753735847693,21.994358612774118,21.76638704018473,22.127433221911126,22.21691918136816,21.77225357316802,22.22807767323033,22.1224664464922,22.047462963078715,22.428420028391056,21.880586834828637,21.74514808304081,21.55167051003728,21.745299918095093,21.990822871907998
1.08627,21.903664424783507,22.028565480656034,21.654488242184424,22.25895302354422,22.15348035600171,21.682396986035286,22.107059992571095,22.58411497650315,22.60336403101017,22.24600578134374,21.884750598245017,21.892723647073566,21.950197255187643,22.239514633412,22.27475517928389
1.08871,22.012460673617554,22.123151743475177,22.033622726435095,21.949676040167496,22.0089567726659,21.38286404046076,22.37131455140687,22.2846679089149,22.108703897226047,22.14278491610087,21.90932885042984,22.25087706543329,21.693649818381324,22.05659733928746,21.783606944674258
1.09116,22.26406357347619,21.73022386018079,22.081298219589584,21.732765851008256,22.28368483977994,22.19662582547173,22.14093991051438,22.17466702828292,22.410202203378187,22.124593125688033,21.664683910499967,22.05080822508549,22.164744146705047,21.95323821628599,22.244903051147173
1.0936,22.413738916615635,22.27182813574673,22.315341938611443,21.65931884221198,22.352612558452474,22.228890995668248,22.05794198845503,22.27509571881985,22.046550209708265,22.393933715225785,21.835944413600778,22.06012252840275,21.748197925291034,21.73052702842428,22.524001281698546
1.09604,22.198347426176287,21.715170260901374,21.722816669667793,22.143800242628867,21.938229542294145,22.094930359846895,22.086544006698777,22.297872163830416,22.152656951068778,22.214748200509934,21.920465009221733,21.998231103389198,22.066738385138386,21.975130700384796,22.519064202060843
1.09848,21.85811133969522,21.606357704114195,21.758329952595926,22.373737839267722,22.511759977670962,21.924121081298974,22.13971590268693,22.146384402751185,22.576301404979162,22.008809084769137,22.13764603527469,22.187708989243628,21.72767242696464,22.410017571692205,22.23077573957183
1.10092,22.090895503770216,22.00971144568375,21.702145336163014,21.736613429027248,21.999575065299254,22.10710004271044,21.82336362231561,22.728919673946244,22.435674536097046,22.3851805460417,22.082145153568497,21.951063911609527,21.840881104231304,22.27948651366106,22.098468323451605
1.10336,21.96375556005354,21.870316450127127,22.2885540131704,21.998533253958342,22.48039752683639,22.213636727437148,21.96006437936764,22.46036154523149,22.248806725300295,22.226835788469117,21.760119564143885,21.811510792826002,21.953131324122342,22.29585706097141,22.634768059004347
1.1058,22.28585645029376,21.810592675720486,21.715689924943465,22.34522943269472,22.50783171057579,22.46934863965565,22.137769876577643,22.203774998569813,22.405062278277715,22.49867960878896,21.939776631423342,22.041802359713262,22.04891521652987,21.753864434701473,22.378197446109475
1.10825,22.466470440588154,21.99331063048568,21.807729209349002,22.480574903587538,22.07038878004004,22.15109893752032,22.151416643253732,22.398700475788484,22.304482958039817,22.14352485508434,22.19908001302225,22.09090349150893,22.060478634773826,21.854860571527496,22.629768008356805
1.11069,22.012416042294884,21.98254616773116,22.455069578427228,22.33819951693149,22.25178196325218,22.085341649484782,22.306794280688045,22.10347141879015,22.543289149702694,22.488419930256203,22.348527642503157,21.877814598308582,21.926088289989845,22.619309314065536,22.450096762700728
1.11313,22.257973658645483,22.3956792222611,22.11206041753978,22.135241740438016,22.482437830794424,22.048183113718665,21.956662661928394,22.047870919516456,22.657028815712337,22.35659826968133,22.25762886837153,22.309284204358196,22.298066906242305,21.879808951373494,22.399233670151286
1.11557,21.971972024019344,22.321673257975498,21.92104742709927,22.022833261667294,22.093798524291905,22.405288291605654,22.284450413316165,22.52069736051139,22.629981648944373,22.116639797669464,22.344960769216705,22.567120139881556,22.105247687696394,22.278682904411205,22.06648940594366
1.11801,22.143746914202783,22.2709563841399,22.19940406230034,22.47192429926946,22.53305123722545,21.973253343810963,22.511210755197652,22.363929500779285,22.610560662646478,22.599607649433267,22.272387619990226,22.27751824720061,22.02991847217788,22.316890925623554,22.368559422148998
1.12045,22.26381683013806,22.075877028897867,21.916895683949136,22.20956374748663,22.13847082949555,22.33405612468482,22.587687326819065,22.332929489398598,22.644465700116022,22.579666765511316,22.269675895874165,22.398592880077214,22.42561832153593,22.623359490723626,22.451689559790236
1.12289,22.78904732541383,22.56804794764053,22.3817395376122,22.170894656911393,21.936985265167788,21.900957940763465,22.39745434045022,22.61296252394875,22.480381092912936,22.540713060172354,22.177399683380568,22.48457035356172,22.08993146139722,22.278731552864645,22.775341447162567
1.12534,22.49633457853232,22.140153129355536,22.358945483143156,22.170453494713904,22.29498049263857,22.2893032754518,22.37280893874474,22.36216729504483,22.435153165301177,22.35821496854371,22.241550096729423,21.94218242238933,21.97082102418763,22.25979592929646,22.551470030650066
1.12778,22.31806483620421,22.062498124960573,22.223394506262085,22.251181860790513,22.489267124299303,22.18125265423977,22.435131714046964,22.43786055027723,22.258307690154943,22.474036877096918,22.170990143599475,22.105411947458247,22.356684862365626,22.35384353559157,22.815143579308728
1.13022,22.265745588569477,22.001407545844174,21.880967737852085,22.22424232503925,22.381714621207134,22.353463349947504,22.452682267145548,22.37896129541935,22.566274193965697,22.66176920068188,22.09517341618284,21.927754584698924,22.30773666702449,22.092746624364256,22.603949857284864
1.13266,22.585248649249813,22.357293151658695,22.088004789572867,22.173441243846398,22.3444048113721,22.492528582508175,22.673450367696198,22.12772766811043,23.050626624446476,22.655653672177227,21.95682308247802,21.95422745072272,22.135302348715612,22.58688904557858,22.39479262183627
1.1351,22.256143549295057,22.481960902190206,22.032591001331784,22.192274864270896,22.975750288622105,22.372956070341477,22.086595011083762,22.43385712707177,22.56720268880432,22.458392917280875,22.060465408077892,22.258549813833095,22.04060892490203,22.54455017405084,22.228800262337373
1.13754,22.088882097292572,22.177707471294397,22.161365847980772,22.317105070044924,22.206177842773187,22.148517212220785,22.373446255712675,22.18240855671708,22.106447947254857,22.493011433719563,22.29914214091555,22.28470542666193,22.22901656877638,22.711255555372446,22.67322321647921
1.13998,22.39873226128644,22.531088369540974,22.12970335683273,22.458954207352352,22.582324805199807,22.386773012296427,22.39605281446783,22.689959595280737,22.55806771993208,22.254215676289007,22.42828597664704,22.17312202735322,22.158488481215684,22.741637717461803,22.76631507794671
1.14243,22.38485815229724,22.22861679968446,22.448488403007254,22.086377161629517,22.550696488047304,22.292541140061374,22.232669948424068,22.84411380183058,22.423153541319724,23.087891138101938,22.26038554231776,22.14821844326317,21.983220475607947,22.189177429729728,22.556205585878413
1.14487,22.259214843296167,22.091625581451563,22.223279488967954,22.07339530638609,22.665304433929784,22.394099746533723,22.452247310878505,22.930249840740043,22.39050855608846,22.86175258591624,22.290672857311712,22.349882391077998,22.206616590290448,22.60208621535195,22.76255129720545
1.14731,22.70513202570704,22.14706234836932,22.345157418560895,22.86507075784524,22.265197328243055,22.335526340574706,22.33200370169626,22.68815150257434,22.502722469991845,22.92277957827585,22.351582919042468,22.58309073052583,22.292933770177008,22.113067897736446,22.330288752144472
1.14975,22.53155506998733,22.69718240176818,22.277701294132164,22.867575156498905,22.519046955439386,22.52714130967875,22.674990676164686,22.608185089915228,22.398213873692956,22.6929196102263,22.24123431702281,22.89281836712038,22.288171917803087,22.51613914380743,22.618348218337076
1.15219,22.465524519906314,22.519781211948217,22.47814367467462,22.501256459763297,22.26443987280992,22.687280603999902,22.388517294408366,22.7426265722955,22.930198770822006,22.993936629316806,22.443441385408015,22.16424691503568,22.660926965338707,22.329423378348753,22.293679085627062
1.15463,22.611516240933557,22.184317083856723,22.301014805234885,22.576473683582286,23.015970188731334,22.36467099645451,22.75165731429372,22.94178812859357,22.290596682386642,22.595831828423623,22.419623826560855,22.40303673568909,22.450144993342143,22.564946448443443,22.40009827391457
1.15707,22.262768771396704,22.217406646663992,22.41942878149951,22.59288418785776,22.810961962648644,22.472936237866346,22.75813077498249,22.682983433510316,22.91105289037908,22.58499296527779,22.463595434683675,22.642872864744557,22.21118943124394,22.72507655342924,22.59902763081888
1.15952,22.182613268024078,22.440356674966477,22.511241473091925,22.466884911764176,22.774693711392874,22.884474067105597,22.418267391077677,22.4193917547518,23.144351751678478,22.649709007577307,22.306463897570904,22.465211456345354,22.525901394181865,22.667469555859537,22.461959298282483
1.16196,22.742982552413388,22.37215047452006,22.19131138356447,22.58985446999514,22.40756744774996,22.019605263288334,22.878029578981774,22.39707395273774,22.897554253000777,22.903793955910334,22.349808526981995,22.448593007829878,22.4768648840787,22.53845586797297,22.885123793131616
1.1644,22.71356367037832,22.625354536778502,22.361792808147737,22.448368865614345,22.626261690753005,22.764036892100346,22.230914585961376,22.885668613308255,22.84545593299345,22.6092777810527,22.678155848815532,22.60782007570732,22.132765959971913,22.502277124434244,23.33773243431258
1.16684,22.425635988729862,22.324960147901333,22.579604606401805,22.43171659508753,22.696302772460605,22.706581768387643,22.612882222417262,22.73686878420238,22.75171052249072,23.03242106243478,22.628270314347137,22.5602261116712,22.374878894868427,22.832276516818307,22.964413613161533
1.16928,22.366645926074824,22.531415746982614,22.64310500124707,22.695019140579525,23.004639538363442,22.59071802101024,22.669481770385822,22.881529246996152,22.940777228038744,22.949618185384537,22.657087565023694,22.48060496991285,22.794809169011476,23.105560409530558,22.712991685998034
1.17172,22.72957146993552,22.604726013890208,22.846754458451453,22.327568574792664,22.786308751323762,22.473891203244037,22.230624665213334,22.660011125805646,23.11339718312055,22.881421041646217,22.354628944370393,22.67924750864259,22.298178721556074,22.659878024048467,22.987820099958178
1.17416,22.928078412570247,22.760256255326578,22.56076059230686,22.807611036939793,22.981525709166096,22.64298529779582,22.835380618541333,23.210330574971188,22.67146258768911,22.882515285923798,22.781051025048022,22.819384865509146,22.941594462233923,22.583291596286323,23.023334262443154
1.17661,22.79669102203128,22.583167308993787,22.526075348482742,22.684142534939088,22.772813679148577,22.653112193040347,22.612954515966173,23.179807356033315,22.538740286888462,22.98134028459018,23.13799007621221,22.326752600619244,22.528626532861363,23.168676077709865,22.752633650015916
1.17905,22.805223055504726,22.295078490517955,22.57819976648105,22.351170519873364,22.578913306142578,22.711269515487583,22.84929332174603,23.15575616095734,23.184676778915026,23.070543149170955,22.624931135787396,22.352556595462527,22.67279764173551,22.84615536037396,22.91385706581434
1.18149,23.13419309911068,22.806963051483077,22.599840747902352,22.91168091279739,23.432216741721355,22.48085357372134,22.575565830205623,23.023998724125693,22.78618536117803,22.90532540041939,22.329952942033323,22.694595737772115,22.71027968065019,22.72730068198209,22.764029206075367
1.18393,22.88228315486523,22.690051032803492,22.86860087309649,22.836197727054753,22.750154917017,22.663703963445926,22.834447088166073,23.379751122279757,22.73368323904656,23.29135014922959,22.780546507113364,22.84190849025319,22.59013347997915,22.56764008833105,23.022371704921227
1.18637,22.84819813362606,22.59641830196394,22.890857397670175,22.83066700083601,23.08542242453687,22.736359838089385,22.896463058758183,22.971508607101093,23.240028315195776,23.085962569475306,22.661414587538914,22.763256132108978,22.527076686535484,22.791292587121987,22.969473771537626
1.18881,23.050778719350294,22.538478510906153,22.777118770560573,22.384184268822775,22.96567120249026,22.878372663178776,22.74834785373154,23.064006663480367,22.9747931970118,23.199108842491583,22.77797044454177,22.86380132014141,22.570961421969695,22.50443659682745,22.838175934791504
1.19125,22.720088025659237,22.945050270738438,22.515882627017263,22.83851923673129,23.04173242641864,22.569510307157312,22.59774783571349,23.053028321930164,23.29758285443247,22.788260470085792,22.986657684671655,22.932423035193715,22.365982591109933,23.268160197414062,23.00936446000659
1.1937,22.74263342904872,22.902985261497705,22.79909427093657,22.770964372354463,23.05040845787408,22.92250736968179,22.94933148182489,23.212406579347547,23.023543297664,22.956132019317355,22.94790249402243,22.839852550661135,22.76173748542423,22.783986585381307,23.093426275682038
1.19614,23.03671636135468,22.84814300869518,22.792708675887372,23.056419956852732,23.444739337427446,22.81706508410915,22.958460255140142,22.783770971536047,23.666398545765674,23.051190639018678,22.944623595533752,22.695770334050845,22.820319924287787,23.103666497818747,23.156333659655353
1.19858,22.74834330455376,23.0054978796354,22.79727158400414,22.741205059726905,23.240869443737793,22.90779286211666,23.058501550043083,23.242174789718202,23.183253033402583,22.91999102060459,22.930254341552782,22.459354594064123,22.663887913465715,23.043455149529745,23.350383767190255
